bias,symboling,normalized-losses,engine-size,bore,stroke,compression-ratio,horsepower,peak-rpm,highway-mpg,volume,make_alfa-romero,make_audi,make_bmw,make_chevrolet,make_dodge,make_honda,make_isuzu,make_jaguar,make_mazda,make_mercedes-benz,make_mercury,make_mitsubishi,make_nissan,make_peugot,make_plymouth,make_porsche,make_saab,make_subaru,make_toyota,make_volkswagen,make_volvo,fuel-type_diesel,fuel-type_gas,aspiration_std,aspiration_turbo,num-of-doors_four,num-of-doors_two,body-style_convertible,body-style_hardtop,body-style_hatchback,body-style_sedan,body-style_wagon,drive-wheels_4wd,drive-wheels_fwd,drive-wheels_rwd,engine-location_front,engine-location_rear,engine-type_dohc,engine-type_l,engine-type_ohc,engine-type_ohcf,engine-type_ohcv,num-of-cylinders_eight,num-of-cylinders_five,num-of-cylinders_four,num-of-cylinders_six,num-of-cylinders_three,num-of-cylinders_twelve,fuel-system_1bbl,fuel-system_2bbl,fuel-system_idi,fuel-system_mfi,fuel-system_mpfi,fuel-system_spdi,fuel-system_spfi,price
1,1.7868502765393013,1.3365751518254572,0.04521532536965994,0.5130273132917839,-1.8081856316208678,-0.2882725271359697,0.19856866497527656,-0.2133593742584,-0.55705817394536,-1.1682942054640106,1,0,0,0,0,0,0,0,0,0,0,0,0,0,0,0,0,0,0,0,0,0,1,1,0,0,1,1,0,0,0,0,0,0,1,1,0,1,0,0,0,0,0,0,1,0,0,0,0,0,0,0,1,0,0,13495.0
1,1.7868502765393013,1.3365751518254572,0.04521532536965994,0.5130273132917839,-1.8081856316208678,-0.2882725271359697,0.19856866497527656,-0.2133593742584,-0.55705817394536,-1.1682942054640106,1,0,0,0,0,0,0,0,0,0,0,0,0,0,0,0,0,0,0,0,0,0,1,1,0,0,1,1,0,0,0,0,0,0,1,1,0,1,0,0,0,0,0,0,1,0,0,0,0,0,0,0,1,0,0,16500.0
1,0.16396979008243007,0.16715015601591166,0.5755586168602018,-2.3948267557639022,0.7029179593549403,-0.2882725271359697,1.3342828969737741,-0.2133593742584,-0.7041337246587039,-0.42204099377699855,1,0,0,0,0,0,0,0,0,0,0,0,0,0,0,0,0,0,0,0,0,0,1,1,0,0,1,0,0,1,0,0,0,0,1,1,0,0,0,0,0,1,0,0,0,1,0,0,0,0,0,0,1,0,0,16500.0
1,0.9754100333108657,1.2009615904087274,-0.4610214528713119,-0.5176045086520045,0.4804151095216399,-0.03620385308177354,-0.039138964977897324,0.8562083979979977,-0.11583152180532783,0.16952655626338364,0,1,0,0,0,0,0,0,0,0,0,0,0,0,0,0,0,0,0,0,0,0,1,1,0,1,0,0,0,0,1,0,0,1,0,1,0,0,0,1,0,0,0,0,1,0,0,0,0,0,0,0,1,0,0,13950.0
1,0.9754100333108657,1.2009615904087274,0.18985440486708047,-0.5176045086520045,0.4804151095216399,-0.5403412011901658,0.3042165005100205,0.8562083979979977,-1.29243592751208,0.19355132364384234,0,1,0,0,0,0,0,0,0,0,0,0,0,0,0,0,0,0,0,0,0,0,1,1,0,1,0,0,0,0,1,0,1,0,0,1,0,0,0,1,0,0,0,1,0,0,0,0,0,0,0,0,1,0,0,17450.0
1,0.9754100333108657,0.08296362686539695,0.18985440486708047,-0.5176045086520045,0.4804151095216399,-0.4143068641630678,0.1721567060915906,0.8562083979979977,-0.8512092753720479,0.03640486819275164,0,1,0,0,0,0,0,0,0,0,0,0,0,0,0,0,0,0,0,0,0,0,1,1,0,0,1,0,0,0,1,0,0,1,0,1,0,0,0,1,0,0,0,1,0,0,0,0,0,0,0,0,1,0,0,15250.0
1,0.16396979008243007,1.025865599718773,0.18985440486708047,-0.5176045086520045,0.4804151095216399,-0.4143068641630678,0.1721567060915906,0.8562083979979977,-0.8512092753720479,1.8173850397243503,0,1,0,0,0,0,0,0,0,0,0,0,0,0,0,0,0,0,0,0,0,0,1,1,0,1,0,0,0,0,1,0,0,1,0,1,0,0,0,1,0,0,0,1,0,0,0,0,0,0,0,0,1,0,0,17710.0
1,0.16396979008243007,0.16715015601591166,0.18985440486708047,-0.5176045086520045,0.4804151095216399,-0.4143068641630678,0.1721567060915906,0.8562083979979977,-0.8512092753720479,1.8173850397243503,0,1,0,0,0,0,0,0,0,0,0,0,0,0,0,0,0,0,0,0,0,0,1,1,0,1,0,0,0,0,0,1,0,1,0,1,0,0,0,1,0,0,0,1,0,0,0,0,0,0,0,0,1,0,0,18920.0
1,0.16396979008243007,1.025865599718773,0.06932183861923004,-0.7384541847828163,0.4804151095216399,-0.46472059897390683,0.9645154726021702,0.8562083979979977,-1.586587028938768,1.8518556195677685,0,1,0,0,0,0,0,0,0,0,0,0,0,0,0,0,0,0,0,0,0,0,1,0,1,1,0,0,0,0,1,0,0,1,0,1,0,0,0,1,0,0,0,1,0,0,0,0,0,0,0,0,1,0,0,23875.0
1,0.9754100333108657,2.018076213628515,-0.485127966120882,0.6234521513571889,-1.4267521747637841,-0.33868626194680873,-0.06555092386158332,1.4979490613518365,-0.26290707251867185,0.010168614533662058,0,0,1,0,0,0,0,0,0,0,0,0,0,0,0,0,0,0,0,0,0,0,1,1,0,0,1,0,0,0,1,0,0,0,1,1,0,0,0,1,0,0,0,0,1,0,0,0,0,0,0,0,1,0,0,16430.0
1,-0.6474704531460056,2.018076213628515,-0.485127966120882,0.6234521513571889,-1.4267521747637841,-0.33868626194680873,-0.06555092386158332,1.4979490613518365,-0.26290707251867185,0.010168614533662058,0,0,1,0,0,0,0,0,0,0,0,0,0,0,0,0,0,0,0,0,0,0,1,1,0,1,0,0,0,0,1,0,0,0,1,1,0,0,0,1,0,0,0,0,1,0,0,0,0,0,0,0,1,0,0,16925.0
1,-0.6474704531460056,1.9013455531685457,0.8648367758550429,-0.07590515639038094,-0.18709343997825828,-0.2882725271359697,0.46268825381213646,-1.8177110326429966,-0.4099826232320159,0.010168614533662058,0,0,1,0,0,0,0,0,0,0,0,0,0,0,0,0,0,0,0,0,0,0,1,1,0,0,1,0,0,0,1,0,0,0,1,1,0,0,0,1,0,0,0,0,0,1,0,0,0,0,0,0,1,0,0,20970.0
1,-0.6474704531460056,1.9013455531685457,0.8648367758550429,-0.07590515639038094,-0.18709343997825828,-0.2882725271359697,0.46268825381213646,-1.8177110326429966,-0.4099826232320159,0.010168614533662058,0,0,1,0,0,0,0,0,0,0,0,0,0,0,0,0,0,0,0,0,0,0,1,1,0,1,0,0,0,0,1,0,0,0,1,1,0,0,0,1,0,0,0,0,0,1,0,0,0,0,0,0,1,0,0,21105.0
1,0.16396979008243007,0.16715015601591166,0.8648367758550429,-0.07590515639038094,-0.18709343997825828,-0.2882725271359697,0.46268825381213646,-1.8177110326429966,-0.8512092753720479,1.039627784774996,0,0,1,0,0,0,0,0,0,0,0,0,0,0,0,0,0,0,0,0,0,0,1,1,0,1,0,0,0,0,1,0,0,0,1,1,0,0,0,1,0,0,0,0,0,1,0,0,0,0,0,0,1,0,0,24565.0
1,-0.6474704531460056,-0.2824905529367203,1.9496298720856968,1.0651515036188124,0.44862898811688356,-0.5403412011901658,2.073817745716982,0.6422948435467182,-1.29243592751208,1.039627784774996,0,0,1,0,0,0,0,0,0,0,0,0,0,0,0,0,0,0,0,0,0,0,1,1,0,1,0,0,0,0,1,0,0,0,1,1,0,0,0,1,0,0,0,0,0,1,0,0,0,0,0,0,1,0,0,30760.0
1,-0.6474704531460056,-0.2824905529367203,1.9496298720856968,1.0651515036188124,0.44862898811688356,-0.5403412011901658,2.073817745716982,0.6422948435467182,-1.29243592751208,1.0692285626246034,0,0,1,0,0,0,0,0,0,0,0,0,0,0,0,0,0,0,0,0,0,0,1,1,0,0,1,0,0,0,1,0,0,0,1,1,0,0,0,1,0,0,0,0,0,1,0,0,0,0,0,0,1,0,0,41315.0
1,-0.6474704531460056,-0.2824905529367203,1.9496298720856968,1.0651515036188124,0.44862898811688356,-0.5403412011901658,2.073817745716982,0.6422948435467182,-1.586587028938768,2.0678568524928957,0,0,1,0,0,0,0,0,0,0,0,0,0,0,0,0,0,0,0,0,0,0,1,1,0,1,0,0,0,0,1,0,0,0,1,1,0,0,0,1,0,0,0,0,0,1,0,0,0,0,0,0,1,0,0,36880.0
1,0.9754100333108657,-0.053893009535946855,-1.6181340888506761,-1.5482363305957911,-0.6956713824543718,-0.1622381901088716,-1.4653847446969408,0.0005541801928795573,3.266906144601585,-2.1125204414643615,0,0,0,1,0,0,0,0,0,0,0,0,0,0,0,0,0,0,0,0,0,0,1,1,0,0,1,0,0,1,0,0,0,1,0,1,0,0,1,0,0,0,0,0,0,0,1,0,0,1,0,0,0,0,0,5151.0
1,0.16396979008243007,-0.7250943071807726,-0.9190452046131435,-1.1065369783341692,-0.441382411216315,-0.13703132270345209,-0.884321649255849,0.6422948435467182,1.7961506374681446,-1.3239695310524855,0,0,0,1,0,0,0,0,0,0,0,0,0,0,0,0,0,0,0,0,0,0,1,1,0,0,1,0,0,1,0,0,0,1,0,1,0,0,0,1,0,0,0,0,1,0,0,0,0,1,0,0,0,0,0,6295.0
1,-0.6474704531460056,-1.2211996141356438,-0.9190452046131435,-1.1065369783341692,-0.441382411216315,-0.13703132270345209,-0.884321649255849,0.6422948435467182,1.7961506374681446,-1.203826904014091,0,0,0,1,0,0,0,0,0,0,0,0,0,0,0,0,0,0,0,0,0,0,1,1,0,1,0,0,0,0,1,0,0,1,0,1,0,0,0,1,0,0,0,0,1,0,0,0,0,1,0,0,0,0,0,6575.0
1,0.16396979008243007,-0.14144100488092412,-0.9190452046131435,-1.3273866544649795,-0.05994895435922991,-0.18492437077374924,-0.9371455670232209,0.8562083979979977,1.5019995360414564,-1.3963352055710463,0,0,0,0,1,0,0,0,0,0,0,0,0,0,0,0,0,0,0,0,0,0,1,1,0,0,1,0,0,1,0,0,0,1,0,1,0,0,0,1,0,0,0,0,1,0,0,0,0,1,0,0,0,0,0,5572.0
1,0.16396979008243007,-0.14144100488092412,-0.9190452046131435,-1.3273866544649795,-0.05994895435922991,-0.18744505751429114,-0.9371455670232209,0.8562083979979977,1.0607728839014243,-1.3963352055710463,0,0,0,0,1,0,0,0,0,0,0,0,0,0,0,0,0,0,0,0,0,0,1,1,0,0,1,0,0,1,0,0,0,1,0,1,0,0,0,1,0,0,0,0,1,0,0,0,0,1,0,0,0,0,0,6377.0
1,0.16396979008243007,-0.14144100488092412,-0.7261930986165829,-1.1065369783341692,0.44862898811688356,-0.6411686708118444,-0.039138964977897324,0.8562083979979977,-0.11583152180532783,-1.3963352055710463,0,0,0,0,1,0,0,0,0,0,0,0,0,0,0,0,0,0,0,0,0,0,1,0,1,0,1,0,0,1,0,0,0,1,0,1,0,0,0,1,0,0,0,0,1,0,0,0,0,0,0,0,1,0,0,7957.0
1,0.16396979008243007,0.7340389485688487,-0.9190452046131435,-1.3273866544649795,-0.05994895435922991,-0.18744505751429114,-0.9371455670232209,0.8562083979979977,1.0607728839014243,-1.4214782616383588,0,0,0,0,1,0,0,0,0,0,0,0,0,0,0,0,0,0,0,0,0,0,1,1,0,1,0,0,0,1,0,0,0,1,0,1,0,0,0,1,0,0,0,0,1,0,0,0,0,1,0,0,0,0,0,6229.0
1,0.16396979008243007,0.7340389485688487,-0.9190452046131435,-1.3273866544649795,-0.05994895435922991,-0.18744505751429114,-0.9371455670232209,0.8562083979979977,1.0607728839014243,-1.4214782616383588,0,0,0,0,1,0,0,0,0,0,0,0,0,0,0,0,0,0,0,0,0,0,1,1,0,1,0,0,0,0,1,0,0,1,0,1,0,0,0,1,0,0,0,0,1,0,0,0,0,1,0,0,0,0,0,6692.0
1,0.16396979008243007,0.7340389485688487,-0.9190452046131435,-1.3273866544649795,-0.05994895435922991,-0.18744505751429114,-0.9371455670232209,0.8562083979979977,1.0607728839014243,-1.4214782616383588,0,0,0,0,1,0,0,0,0,0,0,0,0,0,0,0,0,0,0,0,0,0,1,1,0,1,0,0,0,0,1,0,0,1,0,1,0,0,0,1,0,0,0,0,1,0,0,0,0,1,0,0,0,0,0,7609.0
1,-1.4589106963744414,-0.3749023258008635,-0.14763678062690075,0.03451968167502414,0.6711318379501825,-0.4143068641630678,-0.4089063893495012,-0.2133593742584,-0.11583152180532783,0.6665483546998657,0,0,0,0,1,0,0,0,0,0,0,0,0,0,0,0,0,0,0,0,0,0,1,1,0,1,0,0,0,0,0,1,0,1,0,1,0,0,0,1,0,0,0,0,1,0,0,0,0,1,0,0,0,0,0,8921.0
1,1.7868502765393013,0.6464909532238713,0.6719846698584823,0.9915349449085419,2.069721179759493,-0.792409875244362,1.0965752670206002,-0.2133593742584,-0.998284826085392,-0.5615641179423144,0,0,0,0,1,0,0,0,0,0,0,0,0,0,0,0,0,0,0,0,0,0,1,0,1,0,1,0,0,1,0,0,0,1,0,1,0,0,0,1,0,0,0,0,1,0,0,0,0,0,0,1,0,0,0,12964.0
1,0.9754100333108657,0.4130296323039319,-0.8708321781140034,-1.5482363305957911,0.5122012309263977,-0.13703132270345209,-1.2012651558600809,-0.641186483160959,3.413981695314929,-1.902749917457281,0,0,0,0,0,1,0,0,0,0,0,0,0,0,0,0,0,0,0,0,0,0,1,1,0,0,1,0,0,1,0,0,0,1,0,1,0,0,0,1,0,0,0,0,1,0,0,0,1,0,0,0,0,0,0,6479.0
1,0.9754100333108657,0.4130296323039319,-0.8708321781140034,-1.5482363305957911,0.5122012309263977,-0.23785879232513066,-0.7258498959537331,1.9257761702543954,1.0607728839014243,-1.902749917457281,0,0,0,0,0,1,0,0,0,0,0,0,0,0,0,0,0,0,0,0,0,0,1,1,0,0,1,0,0,1,0,0,0,1,0,1,0,0,0,1,0,0,0,0,1,0,0,0,1,0,0,0,0,0,0,6855.0
1,0.16396979008243007,-0.6375463118357954,-1.1842168503584145,-1.5482363305957911,-0.5685268968353434,-0.010996985676354017,-1.148441238092709,0.8562083979979977,1.6490750867548005,-1.457160028601531,0,0,0,0,0,1,0,0,0,0,0,0,0,0,0,0,0,0,0,0,0,0,1,1,0,0,1,0,0,1,0,0,0,1,0,1,0,0,0,1,0,0,0,0,1,0,0,0,1,0,0,0,0,0,0,5399.0
1,0.16396979008243007,-0.6375463118357954,-0.8708321781140034,-1.5482363305957911,0.5122012309263977,-0.23785879232513066,-0.7258498959537331,1.9257761702543954,0.4724706810480483,-1.457160028601531,0,0,0,0,0,1,0,0,0,0,0,0,0,0,0,0,0,0,0,0,0,0,1,1,0,0,1,0,0,1,0,0,0,1,0,1,0,0,0,1,0,0,0,0,1,0,0,0,1,0,0,0,0,0,0,6529.0
1,0.16396979008243007,-0.6375463118357954,-0.8708321781140034,-1.5482363305957911,0.5122012309263977,-0.23785879232513066,-0.7258498959537331,1.9257761702543954,0.4724706810480483,-1.457160028601531,0,0,0,0,0,1,0,0,0,0,0,0,0,0,0,0,0,0,0,0,0,0,1,1,0,0,1,0,0,1,0,0,0,1,0,1,0,0,0,1,0,0,0,0,1,0,0,0,1,0,0,0,0,0,0,7129.0
1,-0.6474704531460056,-0.3749023258008635,-0.8708321781140034,-1.5482363305957911,0.5122012309263977,-0.23785879232513066,-0.7258498959537331,1.9257761702543954,0.4724706810480483,-0.643181353980093,0,0,0,0,0,1,0,0,0,0,0,0,0,0,0,0,0,0,0,0,0,0,1,1,0,1,0,0,0,0,1,0,0,1,0,1,0,0,0,1,0,0,0,0,1,0,0,0,1,0,0,0,0,0,0,7295.0
1,-0.6474704531460056,-1.3087476094806212,-0.8708321781140034,-1.5114280512406568,0.5122012309263977,-0.23785879232513066,-0.7258498959537331,1.9257761702543954,0.4724706810480483,-0.45131618867495055,0,0,0,0,0,1,0,0,0,0,0,0,0,0,0,0,0,0,0,0,0,0,1,1,0,1,0,0,0,0,0,1,0,1,0,1,0,0,0,1,0,0,0,0,1,0,0,0,1,0,0,0,0,0,0,7295.0
1,-0.6474704531460056,-0.49163298626083324,-0.43691493962174177,-0.6648376260725457,1.0525652948072675,-0.2882725271359697,-0.46173030711687313,1.4979490613518365,0.32539513033470424,-0.49097999886156435,0,0,0,0,0,1,0,0,0,0,0,0,0,0,0,0,0,0,0,0,0,0,1,1,0,0,1,0,0,1,0,0,0,1,0,1,0,0,0,1,0,0,0,0,1,0,0,0,1,0,0,0,0,0,0,7895.0
1,-0.6474704531460056,-0.49163298626083324,-0.43691493962174177,-0.6648376260725457,1.0525652948072675,-0.2882725271359697,-0.46173030711687313,1.4979490613518365,0.32539513033470424,-0.49097999886156435,0,0,0,0,0,1,0,0,0,0,0,0,0,0,0,0,0,0,0,0,0,0,1,1,0,0,1,0,0,1,0,0,0,1,0,1,0,0,0,1,0,0,0,0,1,0,0,0,1,0,0,0,0,0,0,9095.0
1,-0.6474704531460056,-1.1044689536756742,-0.43691493962174177,-0.6648376260725457,1.0525652948072675,-0.2882725271359697,-0.46173030711687313,1.4979490613518365,0.32539513033470424,-0.03246775760433872,0,0,0,0,0,1,0,0,0,0,0,0,0,0,0,0,0,0,0,0,0,0,1,1,0,1,0,0,0,0,1,0,0,1,0,1,0,0,0,1,0,0,0,0,1,0,0,0,1,0,0,0,0,0,0,8845.0
1,-0.6474704531460056,-1.1044689536756742,-0.43691493962174177,-0.6648376260725457,1.0525652948072675,-0.2882725271359697,-0.46173030711687313,1.4979490613518365,0.32539513033470424,-0.3534117754029969,0,0,0,0,0,1,0,0,0,0,0,0,0,0,0,0,0,0,0,0,0,0,1,1,0,1,0,0,0,0,1,0,0,1,0,1,0,0,0,1,0,0,0,0,1,0,0,0,1,0,0,0,0,0,0,10295.0
1,-0.6474704531460056,-1.1044689536756742,-0.43691493962174177,-0.6648376260725457,1.0525652948072675,-0.2882725271359697,-0.06555092386158332,1.4979490613518365,-0.4099826232320159,-0.03246775760433872,0,0,0,0,0,1,0,0,0,0,0,0,0,0,0,0,0,0,0,0,0,0,1,1,0,1,0,0,0,0,1,0,0,1,0,1,0,0,0,1,0,0,0,0,1,0,0,0,0,0,0,0,1,0,0,12945.0
1,0.16396979008243007,-0.4624503211458408,-0.43691493962174177,-0.6648376260725457,1.0525652948072675,-0.2630656597305502,-0.0919628827452693,0.8562083979979977,0.0312440289080162,-0.6525588845717545,0,0,0,0,0,1,0,0,0,0,0,0,0,0,0,0,0,0,0,0,0,0,1,1,0,0,1,0,0,0,1,0,0,1,0,1,0,0,0,1,0,0,0,0,1,0,0,0,0,1,0,0,0,0,0,10345.0
1,-0.6474704531460056,-0.2824905529367203,-0.4128084263721717,-0.07590515639038094,-0.05994895435922991,-0.4143068641630678,-0.673025978186361,-0.641186483160959,-0.26290707251867185,-0.7127523339756288,0,0,0,0,0,0,1,0,0,0,0,0,0,0,0,0,0,0,0,0,0,0,1,1,0,1,0,0,0,0,1,0,0,0,1,1,0,0,0,1,0,0,0,0,1,0,0,0,0,1,0,0,0,0,0,6785.0
1,0.9754100333108657,0.08296362686539695,-0.21995632037561103,0.3657941958712426,-0.05994895435922991,-0.23785879232513066,-0.3560824715821292,-0.2133593742584,-0.26290707251867185,-0.536807537394391,0,0,0,0,0,0,1,0,0,0,0,0,0,0,0,0,0,0,0,0,0,0,1,1,0,0,1,0,0,1,0,0,0,0,1,1,0,0,0,1,0,0,0,0,1,0,0,0,0,0,0,0,0,0,1,11048.0
1,-0.6474704531460056,0.6464909532238713,3.130849021314631,1.101959782973947,2.9279464576879337,-0.5151343337847464,1.915345992414866,-0.7481432603865988,-1.7336625796521121,1.4057808700399907,0,0,0,0,0,0,0,1,0,0,0,0,0,0,0,0,0,0,0,0,0,0,1,1,0,1,0,0,0,0,1,0,0,0,1,1,0,1,0,0,0,0,0,0,0,1,0,0,0,0,0,0,1,0,0,32250.0
1,-0.6474704531460056,-0.2824905529367203,3.130849021314631,1.101959782973947,2.9279464576879337,-0.5151343337847464,1.915345992414866,-0.7481432603865988,-1.7336625796521121,1.4057808700399907,0,0,0,0,0,0,0,1,0,0,0,0,0,0,0,0,0,0,0,0,0,0,1,1,0,1,0,0,0,0,1,0,0,0,1,1,0,1,0,0,0,0,0,0,0,1,0,0,0,0,0,0,1,0,0,35550.0
1,-0.6474704531460056,-0.2824905529367203,4.770091922285397,0.7706852687777301,-1.5538966603828124,0.3418991579995207,4.18677445641186,-0.2133593742584,-2.0278136810788,0.3212155670041388,0,0,0,0,0,0,0,1,0,0,0,0,0,0,0,0,0,0,0,0,0,0,1,1,0,0,1,0,0,0,1,0,0,0,1,1,0,0,0,0,0,1,0,0,0,0,0,1,0,0,0,0,1,0,0,36000.0
1,0.16396979008243007,-0.5499983164908181,-0.8949386913635734,-1.1065369783341692,-0.31423792559728664,-0.2882725271359697,-0.9371455670232209,-0.2133593742584,0.0312440289080162,-0.8605193171876603,0,0,0,0,0,0,0,0,1,0,0,0,0,0,0,0,0,0,0,0,0,0,1,1,0,0,1,0,0,1,0,0,0,1,0,1,0,0,0,1,0,0,0,0,1,0,0,0,0,1,0,0,0,0,0,5195.0
1,0.16396979008243007,-0.5499983164908181,-0.8949386913635734,-1.1065369783341692,-0.31423792559728664,-0.2882725271359697,-0.9371455670232209,-0.2133593742584,1.0607728839014243,-0.8605193171876603,0,0,0,0,0,0,0,0,1,0,0,0,0,0,0,0,0,0,0,0,0,0,1,1,0,0,1,0,0,1,0,0,0,1,0,1,0,0,0,1,0,0,0,0,1,0,0,0,0,1,0,0,0,0,0,6095.0
1,0.16396979008243007,-0.5499983164908181,-0.8949386913635734,-1.1065369783341692,-0.31423792559728664,-0.2882725271359697,-0.9371455670232209,-0.2133593742584,1.0607728839014243,-0.8605193171876603,0,0,0,0,0,0,0,0,1,0,0,0,0,0,0,0,0,0,0,0,0,0,1,1,0,0,1,0,0,1,0,0,0,1,0,1,0,0,0,1,0,0,0,0,1,0,0,0,0,1,0,0,0,0,0,6795.0
1,0.16396979008243007,-0.28735433045588626,-0.8949386913635734,-1.1065369783341692,-0.31423792559728664,-0.2882725271359697,-0.9371455670232209,-0.2133593742584,1.0607728839014243,-0.5255062977219109,0,0,0,0,0,0,0,0,1,0,0,0,0,0,0,0,0,0,0,0,0,0,1,1,0,1,0,0,0,0,1,0,0,1,0,1,0,0,0,1,0,0,0,0,1,0,0,0,0,1,0,0,0,0,0,6695.0
1,0.16396979008243007,-0.28735433045588626,-0.8949386913635734,-0.922495581558492,-0.31423792559728664,-0.2882725271359697,-0.9371455670232209,-0.2133593742584,1.0607728839014243,-0.5255062977219109,0,0,0,0,0,0,0,0,1,0,0,0,0,0,0,0,0,0,0,0,0,0,1,1,0,1,0,0,0,0,1,0,0,1,0,1,0,0,0,1,0,0,0,0,1,0,0,0,0,1,0,0,0,0,0,7395.0
1,0.16396979008243007,0.17956831138399254,-0.14763678062690075,0.21856107845070144,0.44862898811688356,-0.3890999967576482,-0.5145542248842451,-0.641186483160959,0.17831957962136022,0.17097632800462825,0,0,0,0,0,0,0,0,1,0,0,0,0,0,0,0,0,0,0,0,0,0,1,1,0,0,1,0,0,1,0,0,0,1,0,1,0,0,0,1,0,0,0,0,1,0,0,0,0,1,0,0,0,0,0,8845.0
1,-0.6474704531460056,-0.2289890002259014,-0.14763678062690075,0.21856107845070144,0.44862898811688356,-0.3890999967576482,-0.5145542248842451,-0.641186483160959,0.17831957962136022,0.43757904670874737,0,0,0,0,0,0,0,0,1,0,0,0,0,0,0,0,0,0,0,0,0,0,1,1,0,1,0,0,0,0,1,0,0,1,0,1,0,0,0,1,0,0,0,0,1,0,0,0,0,1,0,0,0,0,0,8495.0
1,0.16396979008243007,0.17956831138399254,-0.14763678062690075,0.21856107845070144,0.44862898811688356,-0.3890999967576482,-0.5145542248842451,-0.641186483160959,0.17831957962136022,0.17097632800462825,0,0,0,0,0,0,0,0,1,0,0,0,0,0,0,0,0,0,0,0,0,0,1,1,0,0,1,0,0,1,0,0,0,1,0,1,0,0,0,1,0,0,0,0,1,0,0,0,0,1,0,0,0,0,0,10595.0
1,-0.6474704531460056,-0.2289890002259014,-0.14763678062690075,0.21856107845070144,0.44862898811688356,-0.3890999967576482,-0.5145542248842451,-0.641186483160959,0.17831957962136022,0.43757904670874737,0,0,0,0,0,0,0,0,1,0,0,0,0,0,0,0,0,0,0,0,0,0,1,1,0,1,0,0,0,0,1,0,0,1,0,1,0,0,0,1,0,0,0,0,1,0,0,0,0,1,0,0,0,0,0,10245.0
1,-0.6474704531460056,-0.2289890002259014,-0.14763678062690075,0.21856107845070144,0.44862898811688356,-0.3890999967576482,-0.5145542248842451,-0.641186483160959,0.17831957962136022,0.43757904670874737,0,0,0,0,0,0,0,0,1,0,0,0,0,0,0,0,0,0,0,0,0,0,1,1,0,1,0,0,0,1,0,0,0,1,0,1,0,0,0,1,0,0,0,0,1,0,0,0,0,1,0,0,0,0,0,11245.0
1,-0.6474704531460056,-0.14144100488092412,0.2862804578653608,1.580467414590705,-0.28245180419252885,-0.5403412011901658,0.4362762949284505,-0.2133593742584,-0.55705817394536,0.1000662376427452,0,0,0,0,0,0,0,0,1,0,0,0,0,0,0,0,0,0,0,0,0,0,1,1,0,1,0,0,0,0,1,0,0,0,1,1,0,0,0,1,0,0,0,0,1,0,0,0,0,0,0,0,1,0,0,18280.0
1,-0.6474704531460056,-0.2824905529367203,0.1416413783679403,0.3657941958712426,1.2432820232358102,2.9886202355685803,-0.8314977314884769,-1.9246678098686363,1.2078484346147684,0.1000662376427452,0,0,0,0,0,0,0,0,1,0,0,0,0,0,0,0,0,0,0,0,0,1,0,1,0,1,0,0,0,0,1,0,0,0,1,1,0,0,0,1,0,0,0,0,1,0,0,0,0,0,1,0,0,0,0,18344.0
1,-1.4589106963744414,-0.8710076327557348,1.3228605275968746,0.9179183861982713,1.2432820232358102,2.8625858985414823,0.5155121715795085,-1.603797478191717,-0.8512092753720479,1.7156829144641375,0,0,0,0,0,0,0,0,0,1,0,0,0,0,0,0,0,0,0,0,0,1,0,0,1,1,0,0,0,0,1,0,0,0,1,1,0,0,0,1,0,0,0,1,0,0,0,0,0,0,1,0,0,0,0,25552.0
1,-1.4589106963744414,-0.8710076327557348,1.3228605275968746,0.9179183861982713,1.2432820232358102,2.8625858985414823,0.5155121715795085,-1.603797478191717,-0.8512092753720479,2.0855303409153105,0,0,0,0,0,0,0,0,0,1,0,0,0,0,0,0,0,0,0,0,0,1,0,0,1,1,0,0,0,0,0,1,0,0,1,1,0,0,0,1,0,0,0,1,0,0,0,0,0,0,1,0,0,0,0,28248.0
1,-0.6474704531460056,-0.8710076327557348,1.3228605275968746,0.9179183861982713,1.2432820232358102,2.8625858985414823,0.5155121715795085,-1.603797478191717,-0.8512092753720479,1.2823243770180162,0,0,0,0,0,0,0,0,0,1,0,0,0,0,0,0,0,0,0,0,0,1,0,0,1,0,1,0,1,0,0,0,0,0,1,1,0,0,0,1,0,0,0,1,0,0,0,0,0,0,1,0,0,0,0,28176.0
1,-1.4589106963744414,-0.8710076327557348,1.3228605275968746,0.9179183861982713,1.2432820232358102,2.8625858985414823,0.5155121715795085,-1.603797478191717,-0.8512092753720479,2.46217983421642,0,0,0,0,0,0,0,0,0,1,0,0,0,0,0,0,0,0,0,0,0,1,0,0,1,1,0,0,0,0,1,0,0,0,1,1,0,0,0,1,0,0,0,1,0,0,0,0,0,0,1,0,0,0,0,31600.0
1,-1.4589106963744414,-1.086959354606679,2.552292703324949,0.4762190339366477,-0.4731685326210714,-0.46472059897390683,1.36069485585746,-0.7481432603865988,-1.8807381303654562,2.498573622070362,0,0,0,0,0,0,0,0,0,1,0,0,0,0,0,0,0,0,0,0,0,0,1,1,0,1,0,0,0,0,1,0,0,0,1,1,0,0,0,0,0,1,1,0,0,0,0,0,0,0,0,0,1,0,0,34184.0
1,1.7868502765393013,0.558942957878894,2.552292703324949,0.4762190339366477,-0.4731685326210714,-0.46472059897390683,1.36069485585746,-0.7481432603865988,-1.8807381303654562,0.30618676518485866,0,0,0,0,0,0,0,0,0,1,0,0,0,0,0,0,0,0,0,0,0,0,1,1,0,0,1,1,0,0,0,0,0,0,1,1,0,0,0,0,0,1,1,0,0,0,0,0,0,0,0,0,1,0,0,35056.0
1,-0.6474704531460056,-0.2824905529367203,4.336174683793136,1.7277005320112462,0.3214845024978552,-0.5403412011901658,2.126641663484354,-1.2829271465147978,-2.1748892317921444,2.815061258449769,0,0,0,0,0,0,0,0,0,1,0,0,0,0,0,0,0,0,0,0,0,0,1,1,0,1,0,0,0,0,1,0,0,0,1,1,0,0,0,0,0,1,1,0,0,0,0,0,0,0,0,0,1,0,0,40960.0
1,0.16396979008243007,0.16715015601591166,4.239748630794855,1.7277005320112462,0.3214845024978552,-0.5403412011901658,2.126641663484354,-1.2829271465147978,-2.1748892317921444,2.170701154966328,0,0,0,0,0,0,0,0,0,1,0,0,0,0,0,0,0,0,0,0,0,0,1,1,0,0,1,0,1,0,0,0,0,0,1,1,0,0,0,0,0,1,1,0,0,0,0,0,0,0,0,0,1,0,0,45400.0
1,0.16396979008243007,0.16715015601591166,0.2862804578653608,1.6540839733009756,-0.4095962898115572,-0.5403412011901658,1.88893403353118,-0.2133593742584,-0.998284826085392,0.5449886006500197,0,0,0,0,0,0,0,0,0,0,1,0,0,0,0,0,0,0,0,0,0,0,1,0,1,0,1,0,0,1,0,0,0,0,1,1,0,0,0,1,0,0,0,0,1,0,0,0,0,0,0,0,1,0,0,16503.0
1,0.9754100333108657,1.11341359506375,-0.8708321781140034,-1.3273866544649795,-0.05994895435922991,-0.18744505751429114,-0.9371455670232209,0.8562083979979977,1.5019995360414564,-1.3362756170967771,0,0,0,0,0,0,0,0,0,0,0,1,0,0,0,0,0,0,0,0,0,0,1,1,0,0,1,0,0,1,0,0,0,1,0,1,0,0,0,1,0,0,0,0,1,0,0,0,0,1,0,0,0,0,0,5389.0
1,0.9754100333108657,1.11341359506375,-0.8708321781140034,-1.3273866544649795,-0.05994895435922991,-0.18744505751429114,-0.9371455670232209,0.8562083979979977,1.0607728839014243,-1.3362756170967771,0,0,0,0,0,0,0,0,0,0,0,1,0,0,0,0,0,0,0,0,0,0,1,1,0,0,1,0,0,1,0,0,0,1,0,1,0,0,0,1,0,0,0,0,1,0,0,0,0,1,0,0,0,0,0,6189.0
1,0.9754100333108657,1.11341359506375,-0.8708321781140034,-1.3273866544649795,-0.05994895435922991,-0.18744505751429114,-0.9371455670232209,0.8562083979979977,1.0607728839014243,-1.3362756170967771,0,0,0,0,0,0,0,0,0,0,0,1,0,0,0,0,0,0,0,0,0,0,1,1,0,0,1,0,0,1,0,0,0,1,0,1,0,0,0,1,0,0,0,0,1,0,0,0,0,1,0,0,0,0,0,6669.0
1,0.16396979008243007,1.11341359506375,-0.7261930986165829,-1.1065369783341692,0.44862898811688356,-0.6411686708118444,-0.039138964977897324,0.8562083979979977,-0.11583152180532783,-1.3963352055710463,0,0,0,0,0,0,0,0,0,0,0,1,0,0,0,0,0,0,0,0,0,0,1,0,1,0,1,0,0,1,0,0,0,1,0,1,0,0,0,1,0,0,0,0,1,0,0,0,0,0,0,0,0,1,0,7689.0
1,1.7868502765393013,0.8799522741438107,-0.43691493962174177,-0.5912210673622751,0.6711318379501825,-0.6663755382172639,0.3306284593937065,0.8562083979979977,-0.11583152180532783,-0.7811976595509553,0,0,0,0,0,0,0,0,0,0,0,1,0,0,0,0,0,0,0,0,0,0,1,0,1,0,1,0,0,1,0,0,0,1,0,1,0,0,0,1,0,0,0,0,1,0,0,0,0,0,0,0,0,1,0,9959.0
1,1.7868502765393013,0.8799522741438107,-0.14763678062690075,0.07132796103016024,0.6711318379501825,-0.4143068641630678,-0.4089063893495012,-0.2133593742584,0.17831957962136022,-0.7811976595509553,0,0,0,0,0,0,0,0,0,0,0,1,0,0,0,0,0,0,0,0,0,0,1,1,0,0,1,0,0,1,0,0,0,1,0,1,0,0,0,1,0,0,0,0,1,0,0,0,0,1,0,0,0,0,0,8499.0
1,1.7868502765393013,1.3365751518254572,0.6719846698584823,0.9179183861982713,1.9425766941404647,-0.792409875244362,1.0965752670206002,-0.2133593742584,-0.998284826085392,-0.5615641179423144,0,0,0,0,0,0,0,0,0,0,0,1,0,0,0,0,0,0,0,0,0,0,1,0,1,0,1,0,0,1,0,0,0,1,0,1,0,0,0,1,0,0,0,0,1,0,0,0,0,0,0,0,0,1,0,12629.0
1,1.7868502765393013,1.3365751518254572,0.6719846698584823,0.9547266655534058,1.9425766941404647,-0.792409875244362,1.0965752670206002,-0.2133593742584,-0.998284826085392,-0.5615641179423144,0,0,0,0,0,0,0,0,0,0,0,1,0,0,0,0,0,0,0,0,0,0,1,0,1,0,1,0,0,1,0,0,0,1,0,1,0,0,0,1,0,0,0,0,1,0,0,0,0,0,0,0,0,1,0,14869.0
1,1.7868502765393013,1.3365751518254572,0.6719846698584823,0.9547266655534058,1.9425766941404647,-0.792409875244362,1.0965752670206002,-0.2133593742584,-0.998284826085392,-0.5615641179423144,0,0,0,0,0,0,0,0,0,0,0,1,0,0,0,0,0,0,0,0,0,0,1,0,1,0,1,0,0,1,0,0,0,1,0,1,0,0,0,1,0,0,0,0,1,0,0,0,0,0,0,0,0,1,0,14489.0
1,0.16396979008243007,0.06283765092402284,-0.14763678062690075,0.07132796103016024,0.6711318379501825,-0.4143068641630678,-0.4089063893495012,-0.2133593742584,0.17831957962136022,-0.4947551125794705,0,0,0,0,0,0,0,0,0,0,0,1,0,0,0,0,0,0,0,0,0,0,1,1,0,1,0,0,0,0,1,0,0,1,0,1,0,0,0,1,0,0,0,0,1,0,0,0,0,1,0,0,0,0,0,6989.0
1,0.16396979008243007,0.06283765092402284,-0.14763678062690075,0.07132796103016024,0.6711318379501825,-0.4143068641630678,-0.4089063893495012,-0.2133593742584,0.17831957962136022,-0.4947551125794705,0,0,0,0,0,0,0,0,0,0,0,1,0,0,0,0,0,0,0,0,0,0,1,1,0,1,0,0,0,0,1,0,0,1,0,1,0,0,0,1,0,0,0,0,1,0,0,0,0,1,0,0,0,0,0,8189.0
1,0.16396979008243007,0.06283765092402284,-0.43691493962174177,-0.5912210673622751,0.6711318379501825,-0.6663755382172639,0.3306284593937065,0.8562083979979977,-0.11583152180532783,-0.4947551125794705,0,0,0,0,0,0,0,0,0,0,0,1,0,0,0,0,0,0,0,0,0,0,1,0,1,1,0,0,0,0,1,0,0,1,0,1,0,0,0,1,0,0,0,0,1,0,0,0,0,0,0,0,0,1,0,9279.0
1,-1.4589106963744414,0.4130296323039319,-0.43691493962174177,-0.5912210673622751,0.6711318379501825,-0.6663755382172639,0.3306284593937065,0.8562083979979977,-0.11583152180532783,-0.4947551125794705,0,0,0,0,0,0,0,0,0,0,0,1,0,0,0,0,0,0,0,0,0,0,1,1,0,1,0,0,0,0,1,0,0,1,0,1,0,0,0,1,0,0,0,0,1,0,0,0,0,0,0,0,0,1,0,9279.0
1,0.16396979008243007,0.1503856462690001,-0.7502996118661529,-0.6648376260725457,0.13076777406931264,-0.18744505751429114,-0.910733608139535,0.2144677346441591,0.9136973331880803,-0.5827343630063897,0,0,0,0,0,0,0,0,0,0,0,0,1,0,0,0,0,0,0,0,0,0,1,1,0,0,1,0,0,0,1,0,0,1,0,1,0,0,0,1,0,0,0,0,1,0,0,0,0,1,0,0,0,0,0,5499.0
1,0.16396979008243007,0.1503856462690001,-0.6056605323687324,-1.2537700957547089,0.7029179593549403,2.9634133681631605,-1.2805010325111388,-0.641186483160959,2.825679492461553,-0.5827343630063897,0,0,0,0,0,0,0,0,0,0,0,0,1,0,0,0,0,0,0,0,0,1,0,1,0,0,1,0,0,0,1,0,0,1,0,1,0,0,0,1,0,0,0,0,1,0,0,0,0,0,1,0,0,0,0,7099.0
1,0.16396979008243007,0.1503856462690001,-0.7502996118661529,-0.6648376260725457,0.13076777406931264,-0.18744505751429114,-0.910733608139535,0.2144677346441591,0.9136973331880803,-0.5827343630063897,0,0,0,0,0,0,0,0,0,0,0,0,1,0,0,0,0,0,0,0,0,0,1,1,0,0,1,0,0,0,1,0,0,1,0,1,0,0,0,1,0,0,0,0,1,0,0,0,0,1,0,0,0,0,0,6649.0
1,0.16396979008243007,-0.024710344420954433,-0.7502996118661529,-0.6648376260725457,0.13076777406931264,-0.18744505751429114,-0.910733608139535,0.2144677346441591,0.9136973331880803,-0.5827343630063897,0,0,0,0,0,0,0,0,0,0,0,0,1,0,0,0,0,0,0,0,0,0,1,1,0,1,0,0,0,0,1,0,0,1,0,1,0,0,0,1,0,0,0,0,1,0,0,0,0,1,0,0,0,0,0,6849.0
1,0.16396979008243007,-0.5791809816058106,-0.7502996118661529,-0.6648376260725457,0.13076777406931264,-0.18744505751429114,-0.910733608139535,0.2144677346441591,0.9136973331880803,-0.5053311532123936,0,0,0,0,0,0,0,0,0,0,0,0,1,0,0,0,0,0,0,0,0,0,1,1,0,1,0,0,0,0,0,1,0,1,0,1,0,0,0,1,0,0,0,0,1,0,0,0,0,1,0,0,0,0,0,7349.0
1,0.16396979008243007,0.1503856462690001,-0.7502996118661529,-0.6648376260725457,0.13076777406931264,-0.18744505751429114,-0.910733608139535,0.2144677346441591,0.9136973331880803,-0.5827343630063897,0,0,0,0,0,0,0,0,0,0,0,0,1,0,0,0,0,0,0,0,0,0,1,1,0,0,1,0,0,0,1,0,0,1,0,1,0,0,0,1,0,0,0,0,1,0,0,0,0,1,0,0,0,0,0,7299.0
1,0.16396979008243007,0.1503856462690001,-0.7502996118661529,-0.6648376260725457,0.13076777406931264,-0.18744505751429114,-0.910733608139535,0.2144677346441591,0.9136973331880803,-0.7284857658988136,0,0,0,0,0,0,0,0,0,0,0,0,1,0,0,0,0,0,0,0,0,0,1,1,0,0,1,0,0,1,0,0,0,1,0,1,0,0,0,1,0,0,0,0,1,0,0,0,0,1,0,0,0,0,0,7799.0
1,0.16396979008243007,-0.024710344420954433,-0.7502996118661529,-0.6648376260725457,0.13076777406931264,-0.18744505751429114,-0.910733608139535,0.2144677346441591,0.9136973331880803,-0.5827343630063897,0,0,0,0,0,0,0,0,0,0,0,0,1,0,0,0,0,0,0,0,0,0,1,1,0,1,0,0,0,0,1,0,0,1,0,1,0,0,0,1,0,0,0,0,1,0,0,0,0,1,0,0,0,0,0,7499.0
1,0.16396979008243007,-0.5791809816058106,-0.7502996118661529,-0.6648376260725457,0.13076777406931264,-0.18744505751429114,-0.910733608139535,0.2144677346441591,0.9136973331880803,-0.5053311532123936,0,0,0,0,0,0,0,0,0,0,0,0,1,0,0,0,0,0,0,0,0,0,1,1,0,1,0,0,0,0,0,1,0,1,0,1,0,0,0,1,0,0,0,0,1,0,0,0,0,1,0,0,0,0,0,7999.0
1,0.9754100333108657,1.317692250868697,-0.7502996118661529,-0.6648376260725457,0.13076777406931264,-0.18744505751429114,-0.910733608139535,0.2144677346441591,0.9136973331880803,-0.8647985326769669,0,0,0,0,0,0,0,0,0,0,0,0,1,0,0,0,0,0,0,0,0,0,1,1,0,0,1,0,1,0,0,0,0,1,0,1,0,0,0,1,0,0,0,0,1,0,0,0,0,1,0,0,0,0,0,8249.0
1,-0.6474704531460056,-0.49163298626083324,-0.19584980712604091,-0.0022885976801103455,0.7029179593549403,-0.4143068641630678,-0.17119875939632725,0.2144677346441591,0.4724706810480483,-0.03586541506818698,0,0,0,0,0,0,0,0,0,0,0,0,1,0,0,0,0,0,0,0,0,0,1,1,0,1,0,0,0,1,0,0,0,1,0,1,0,0,0,1,0,0,0,0,1,0,0,0,0,1,0,0,0,0,0,8949.0
1,-0.6474704531460056,-0.49163298626083324,-0.19584980712604091,-0.0022885976801103455,0.7029179593549403,-0.4143068641630678,-0.17119875939632725,0.2144677346441591,0.4724706810480483,-0.03586541506818698,0,0,0,0,0,0,0,0,0,0,0,0,1,0,0,0,0,0,0,0,0,0,1,1,0,1,0,0,0,0,1,0,0,1,0,1,0,0,0,1,0,0,0,0,1,0,0,0,0,1,0,0,0,0,0,9549.0
1,-0.6474704531460056,0.1503856462690001,1.2746475010977343,0.3657941958712426,0.06719553125979845,-0.2882725271359697,1.2814589792064022,0.2144677346441591,-1.29243592751208,0.5573436788425149,0,0,0,0,0,0,0,0,0,0,0,0,1,0,0,0,0,0,0,0,0,0,1,1,0,1,0,0,0,0,1,0,0,1,0,1,0,0,0,0,0,1,0,0,0,1,0,0,0,0,0,0,1,0,0,13499.0
1,-0.6474704531460056,-0.4332676560308484,1.2746475010977343,0.3657941958712426,0.06719553125979845,-0.2882725271359697,1.2814589792064022,0.2144677346441591,-1.29243592751208,0.8442306626398878,0,0,0,0,0,0,0,0,0,0,0,0,1,0,0,0,0,0,0,0,0,0,1,1,0,1,0,0,0,0,0,1,0,1,0,1,0,0,0,0,0,1,0,0,0,1,0,0,0,0,0,0,1,0,0,14399.0
1,-0.6474704531460056,-0.4332676560308484,1.2746475010977343,0.3657941958712426,0.06719553125979845,-0.2882725271359697,1.2814589792064022,0.2144677346441591,-0.8512092753720479,0.690453441440099,0,0,0,0,0,0,0,0,0,0,0,0,1,0,0,0,0,0,0,0,0,0,1,1,0,1,0,0,0,0,1,0,0,1,0,1,0,0,0,0,0,1,0,0,0,1,0,0,0,0,0,0,1,0,0,13499.0
1,1.7868502765393013,2.0764415438585,1.2746475010977343,0.3657941958712426,0.06719553125979845,-0.2882725271359697,1.49275465027589,0.2144677346441591,-0.8512092753720479,-0.5666410999768111,0,0,0,0,0,0,0,0,0,0,0,0,1,0,0,0,0,0,0,0,0,0,1,1,0,0,1,0,0,1,0,0,0,0,1,1,0,0,0,0,0,1,0,0,0,1,0,0,0,0,0,0,1,0,0,17199.0
1,1.7868502765393013,2.0764415438585,1.2746475010977343,0.3657941958712426,0.06719553125979845,-0.5907549360010051,2.5492330056233294,0.2144677346441591,-1.1453603767987361,-0.5666410999768111,0,0,0,0,0,0,0,0,0,0,0,0,1,0,0,0,0,0,0,0,0,0,1,0,1,0,1,0,0,1,0,0,0,0,1,1,0,0,0,0,0,1,0,0,0,1,0,0,0,0,0,0,1,0,0,19699.0
1,0.16396979008243007,3.15620015311322,1.2746475010977343,0.3657941958712426,0.06719553125979845,-0.2882725271359697,1.49275465027589,0.2144677346441591,-0.8512092753720479,-0.23691036357263234,0,0,0,0,0,0,0,0,0,0,0,0,1,0,0,0,0,0,0,0,0,0,1,1,0,0,1,0,0,1,0,0,0,0,1,1,0,0,0,0,0,1,0,0,0,1,0,0,0,0,0,0,1,0,0,18399.0
1,-0.6474704531460056,1.11341359506375,-0.19584980712604091,0.4762190339366477,-0.18709343997825828,-0.4395137315684873,-0.17119875939632725,-0.2133593742584,-0.998284826085392,1.2876388663728677,0,0,0,0,0,0,0,0,0,0,0,0,0,1,0,0,0,0,0,0,0,0,1,1,0,1,0,0,0,0,1,0,0,0,1,1,0,0,1,0,0,0,0,0,1,0,0,0,0,0,0,0,1,0,0,11900.0
1,-0.6474704531460056,1.11341359506375,0.5755586168602018,1.3596177384598949,0.861848566378725,2.7365515615143843,-0.22402267716369925,-2.031624587094276,0.32539513033470424,1.2876388663728677,0,0,0,0,0,0,0,0,0,0,0,0,0,1,0,0,0,0,0,0,0,1,0,0,1,1,0,0,0,0,1,0,0,0,1,1,0,0,1,0,0,0,0,0,1,0,0,0,0,0,1,0,0,0,0,13200.0
1,-0.6474704531460056,-0.2824905529367203,-0.19584980712604091,0.4762190339366477,-0.18709343997825828,-0.4395137315684873,-0.17119875939632725,-0.2133593742584,-0.998284826085392,2.221189649393553,0,0,0,0,0,0,0,0,0,0,0,0,0,1,0,0,0,0,0,0,0,0,1,1,0,1,0,0,0,0,0,1,0,0,1,1,0,0,1,0,0,0,0,0,1,0,0,0,0,0,0,0,1,0,0,12440.0
1,-0.6474704531460056,-0.2824905529367203,0.5755586168602018,1.3596177384598949,0.861848566378725,2.7365515615143843,-0.22402267716369925,-2.031624587094276,-0.8512092753720479,2.221189649393553,0,0,0,0,0,0,0,0,0,0,0,0,0,1,0,0,0,0,0,0,0,1,0,0,1,1,0,0,0,0,0,1,0,0,1,1,0,0,1,0,0,0,0,0,1,0,0,0,0,0,1,0,0,0,0,13860.0
1,-0.6474704531460056,1.11341359506375,-0.19584980712604091,0.4762190339366477,-3.3657055804539646,-0.4395137315684873,-0.22402267716369925,-0.2133593742584,-0.998284826085392,1.2876388663728677,0,0,0,0,0,0,0,0,0,0,0,0,0,1,0,0,0,0,0,0,0,0,1,1,0,1,0,0,0,0,1,0,0,0,1,1,0,0,1,0,0,0,0,0,1,0,0,0,0,0,0,0,1,0,0,15580.0
1,-0.6474704531460056,1.11341359506375,0.5755586168602018,1.3596177384598949,0.861848566378725,2.7365515615143843,-0.22402267716369925,-2.031624587094276,0.32539513033470424,1.2876388663728677,0,0,0,0,0,0,0,0,0,0,0,0,0,1,0,0,0,0,0,0,0,1,0,0,1,1,0,0,0,0,1,0,0,0,1,1,0,0,1,0,0,0,0,0,1,0,0,0,0,0,1,0,0,0,0,16900.0
1,-0.6474704531460056,-0.2824905529367203,-0.19584980712604091,0.4762190339366477,-3.3657055804539646,-0.4395137315684873,-0.22402267716369925,-0.2133593742584,-0.998284826085392,1.8803425933096756,0,0,0,0,0,0,0,0,0,0,0,0,0,1,0,0,0,0,0,0,0,0,1,1,0,1,0,0,0,0,0,1,0,0,1,1,0,0,1,0,0,0,0,0,1,0,0,0,0,0,0,0,1,0,0,16695.0
1,-0.6474704531460056,-0.2824905529367203,0.5755586168602018,1.3596177384598949,0.861848566378725,2.7365515615143843,-0.22402267716369925,-2.031624587094276,-0.8512092753720479,2.221189649393553,0,0,0,0,0,0,0,0,0,0,0,0,0,1,0,0,0,0,0,0,0,1,0,0,1,1,0,0,0,0,0,1,0,0,1,1,0,0,1,0,0,0,0,0,1,0,0,0,0,0,1,0,0,0,0,17075.0
1,-0.6474704531460056,1.11341359506375,-0.19584980712604091,0.4762190339366477,-0.18709343997825828,-0.4395137315684873,-0.17119875939632725,-0.2133593742584,-0.998284826085392,1.2876388663728677,0,0,0,0,0,0,0,0,0,0,0,0,0,1,0,0,0,0,0,0,0,0,1,1,0,1,0,0,0,0,1,0,0,0,1,1,0,0,1,0,0,0,0,0,1,0,0,0,0,0,0,0,1,0,0,16630.0
1,-0.6474704531460056,1.11341359506375,0.5755586168602018,1.3596177384598949,0.861848566378725,2.7365515615143843,-0.22402267716369925,-2.031624587094276,0.32539513033470424,1.2876388663728677,0,0,0,0,0,0,0,0,0,0,0,0,0,1,0,0,0,0,0,0,0,1,0,0,1,1,0,0,0,0,1,0,0,0,1,1,0,0,1,0,0,0,0,0,1,0,0,0,0,0,1,0,0,0,0,17950.0
1,-0.6474704531460056,1.11341359506375,0.1416413783679403,1.0283432242636763,-0.12352119716874409,-0.792409875244362,1.0173393903695422,1.0701219524492773,-0.998284826085392,1.1625627513060222,0,0,0,0,0,0,0,0,0,0,0,0,0,1,0,0,0,0,0,0,0,0,1,0,1,1,0,0,0,0,1,0,0,0,1,1,0,0,1,0,0,0,0,0,1,0,0,0,0,0,0,0,1,0,0,18150.0
1,0.16396979008243007,-0.1122583397659317,-0.9190452046131435,-1.3273866544649795,-0.05994895435922991,-0.18744505751429114,-0.9371455670232209,0.8562083979979977,1.5019995360414564,-1.3963352055710463,0,0,0,0,0,0,0,0,0,0,0,0,0,0,1,0,0,0,0,0,0,0,1,1,0,0,1,0,0,1,0,0,0,1,0,1,0,0,0,1,0,0,0,0,1,0,0,0,0,1,0,0,0,0,0,5572.0
1,0.16396979008243007,-0.1122583397659317,-0.7261930986165829,-1.1065369783341692,0.44862898811688356,-0.6411686708118444,-0.039138964977897324,0.8562083979979977,-0.11583152180532783,-1.3963352055710463,0,0,0,0,0,0,0,0,0,0,0,0,0,0,1,0,0,0,0,0,0,0,1,0,1,0,1,0,0,1,0,0,0,1,0,1,0,0,0,1,0,0,0,0,1,0,0,0,0,0,0,0,0,1,0,7957.0
1,0.16396979008243007,0.9091349392588032,-0.9190452046131435,-1.3273866544649795,-0.05994895435922991,-0.18744505751429114,-0.9371455670232209,0.8562083979979977,1.0607728839014243,-1.4214782616383588,0,0,0,0,0,0,0,0,0,0,0,0,0,0,1,0,0,0,0,0,0,0,1,1,0,1,0,0,0,1,0,0,0,1,0,1,0,0,0,1,0,0,0,0,1,0,0,0,0,1,0,0,0,0,0,6229.0
1,0.16396979008243007,0.9091349392588032,-0.9190452046131435,-1.3273866544649795,-0.05994895435922991,-0.18744505751429114,-0.9371455670232209,0.8562083979979977,1.0607728839014243,-0.9903379874466206,0,0,0,0,0,0,0,0,0,0,0,0,0,0,1,0,0,0,0,0,0,0,1,1,0,1,0,0,0,0,1,0,0,1,0,1,0,0,0,1,0,0,0,0,1,0,0,0,0,1,0,0,0,0,0,6692.0
1,0.16396979008243007,0.9091349392588032,-0.7261930986165829,-1.3273866544649795,-0.05994895435922991,-0.18744505751429114,-0.9371455670232209,0.8562083979979977,1.0607728839014243,-0.9903379874466206,0,0,0,0,0,0,0,0,0,0,0,0,0,0,1,0,0,0,0,0,0,0,1,1,0,1,0,0,0,0,1,0,0,1,0,1,0,0,0,1,0,0,0,0,1,0,0,0,0,1,0,0,0,0,0,7609.0
1,-1.4589106963744414,-1.4254782699405908,-0.14763678062690075,0.07132796103016024,0.6711318379501825,-0.4143068641630678,-0.4089063893495012,-0.2133593742584,-0.11583152180532783,0.6665483546998657,0,0,0,0,0,0,0,0,0,0,0,0,0,0,1,0,0,0,0,0,0,0,1,1,0,1,0,0,0,0,0,1,0,1,0,1,0,0,0,1,0,0,0,0,1,0,0,0,0,1,0,0,0,0,0,8921.0
1,1.7868502765393013,1.3365751518254572,0.6719846698584823,0.9547266655534058,1.9425766941404647,-0.792409875244362,1.0965752670206002,-0.2133593742584,-0.998284826085392,-0.5615641179423144,0,0,0,0,0,0,0,0,0,0,0,0,0,0,1,0,0,0,0,0,0,0,1,0,1,0,1,0,0,1,0,0,0,0,1,1,0,0,0,1,0,0,0,0,1,0,0,0,0,0,0,0,0,1,0,12764.0
1,1.7868502765393013,1.8429802229385608,0.5514521036106318,2.2430164429831403,-0.441382411216315,-0.1622381901088716,1.0437513492532282,0.8562083979979977,-0.55705817394536,-0.5284177917309626,0,0,0,0,0,0,0,0,0,0,0,0,0,0,0,1,0,0,0,0,0,0,1,1,0,0,1,0,0,1,0,0,0,0,1,1,0,0,0,1,0,0,0,0,1,0,0,0,0,0,0,0,1,0,0,22018.0
1,1.7868502765393013,1.3365751518254572,1.5880321733421454,1.506850855880436,-1.1088909607162132,-0.1622381901088716,2.7341167178091315,1.7118626158031158,-0.8512092753720479,-0.6863811295590408,0,0,0,0,0,0,0,0,0,0,0,0,0,0,0,1,0,0,0,0,0,0,1,1,0,0,1,0,1,0,0,0,0,0,1,0,1,0,0,0,1,0,0,0,0,1,0,0,0,0,0,0,1,0,0,32528.0
1,1.7868502765393013,1.3365751518254572,1.5880321733421454,1.506850855880436,-1.1088909607162132,-0.1622381901088716,2.7341167178091315,1.7118626158031158,-0.8512092753720479,-0.6863811295590408,0,0,0,0,0,0,0,0,0,0,0,0,0,0,0,1,0,0,0,0,0,0,1,1,0,0,1,0,1,0,0,0,0,0,1,0,1,0,0,0,1,0,0,0,0,1,0,0,0,0,0,0,1,0,0,34028.0
1,1.7868502765393013,1.3365751518254572,1.5880321733421454,1.506850855880436,-1.1088909607162132,-0.1622381901088716,2.7341167178091315,1.7118626158031158,-0.8512092753720479,-0.6863811295590408,0,0,0,0,0,0,0,0,0,0,0,0,0,0,0,1,0,0,0,0,0,0,1,1,0,0,1,1,0,0,0,0,0,0,1,0,1,0,0,0,1,0,0,0,0,1,0,0,0,0,0,0,1,0,0,37028.0
1,1.7868502765393013,0.7924042787988335,-0.17174329387647083,0.7706852687777301,-0.5685268968353434,-0.21013123817916876,0.1721567060915906,0.32142451186979887,-0.4099826232320159,0.9376965576486439,0,0,0,0,0,0,0,0,0,0,0,0,0,0,0,0,1,0,0,0,0,0,1,1,0,0,1,0,0,1,0,0,0,1,0,1,0,0,0,1,0,0,0,0,1,0,0,0,0,0,0,0,1,0,0,11850.0
1,0.9754100333108657,-0.5499983164908181,-0.17174329387647083,0.7706852687777301,-0.5685268968353434,-0.21265192491971066,0.1721567060915906,0.32142451186979887,-0.4099826232320159,0.9376965576486439,0,0,0,0,0,0,0,0,0,0,0,0,0,0,0,0,1,0,0,0,0,0,1,1,0,1,0,0,0,0,1,0,0,1,0,1,0,0,0,1,0,0,0,0,1,0,0,0,0,0,0,0,1,0,0,12170.0
1,1.7868502765393013,0.7924042787988335,-0.17174329387647083,-2.9101426667357964,-3.7471390373110496,-0.21265192491971066,0.1721567060915906,0.32142451186979887,-0.4099826232320159,0.9376965576486439,0,0,0,0,0,0,0,0,0,0,0,0,0,0,0,0,1,0,0,0,0,0,1,1,0,0,1,0,0,1,0,0,0,1,0,1,0,0,0,1,0,0,0,0,1,0,0,0,0,0,0,0,1,0,0,15040.0
1,0.9754100333108657,-0.5499983164908181,-0.17174329387647083,0.7706852687777301,-0.5685268968353434,-0.21265192491971066,0.1721567060915906,0.32142451186979887,-0.4099826232320159,0.9376965576486439,0,0,0,0,0,0,0,0,0,0,0,0,0,0,0,0,1,0,0,0,0,0,1,1,0,1,0,0,0,0,1,0,0,1,0,1,0,0,0,1,0,0,0,0,1,0,0,0,0,0,0,0,1,0,0,15510.0
1,1.7868502765393013,0.7924042787988335,-0.17174329387647083,0.7706852687777301,-0.5685268968353434,-0.2882725271359697,1.49275465027589,0.8562083979979977,-0.7041337246587039,0.9376965576486439,0,0,0,0,0,0,0,0,0,0,0,0,0,0,0,0,1,0,0,0,0,0,1,0,1,0,1,0,0,1,0,0,0,1,0,1,0,1,0,0,0,0,0,0,1,0,0,0,0,0,0,0,1,0,0,18150.0
1,0.9754100333108657,-0.5499983164908181,-0.17174329387647083,0.7706852687777301,-0.5685268968353434,-0.2882725271359697,1.49275465027589,0.8562083979979977,-0.7041337246587039,0.9376965576486439,0,0,0,0,0,0,0,0,0,0,0,0,0,0,0,0,1,0,0,0,0,0,1,0,1,1,0,0,0,0,1,0,0,1,0,1,0,1,0,0,0,0,0,0,1,0,0,0,0,0,0,0,1,0,0,18620.0
1,0.9754100333108657,-1.162834283905659,-0.7502996118661529,1.0651515036188124,-2.825341516573095,-0.2882725271359697,-0.910733608139535,-0.42727292870967953,0.7666217824747363,-1.091145689701524,0,0,0,0,0,0,0,0,0,0,0,0,0,0,0,0,0,1,0,0,0,0,1,1,0,0,1,0,0,1,0,0,0,1,0,1,0,0,0,0,1,0,0,0,1,0,0,0,0,1,0,0,0,0,0,5118.0
1,0.9754100333108657,-1.162834283905659,-0.485127966120882,1.0651515036188124,-1.9353301172398962,-0.36389312935222873,-0.805085772604791,-1.4968407009660774,0.0312440289080162,-1.027253890549109,0,0,0,0,0,0,0,0,0,0,0,0,0,0,0,0,0,1,0,0,0,0,1,1,0,0,1,0,0,1,0,0,0,1,0,1,0,0,0,0,1,0,0,0,1,0,0,0,0,1,0,0,0,0,0,7053.0
1,0.9754100333108657,-1.162834283905659,-0.485127966120882,1.0651515036188124,-1.9353301172398962,-0.36389312935222873,-0.805085772604791,-1.4968407009660774,0.0312440289080162,-0.780330331921907,0,0,0,0,0,0,0,0,0,0,0,0,0,0,0,0,0,1,0,0,0,0,1,1,0,0,1,0,0,1,0,0,1,0,0,1,0,0,0,0,1,0,0,0,1,0,0,0,0,1,0,0,0,0,0,7603.0
1,-0.6474704531460056,-0.6083636467208029,-0.485127966120882,1.0651515036188124,-1.9353301172398962,-0.1622381901088716,-0.5673781426516171,-0.641186483160959,0.9136973331880803,-0.38484454141572,0,0,0,0,0,0,0,0,0,0,0,0,0,0,0,0,0,1,0,0,0,0,1,1,0,1,0,0,0,0,1,0,0,1,0,1,0,0,0,0,1,0,0,0,1,0,0,0,0,1,0,0,0,0,0,7126.0
1,-0.6474704531460056,-0.6083636467208029,-0.485127966120882,1.0651515036188124,-1.9353301172398962,-0.1622381901088716,-0.5673781426516171,-1.4968407009660774,0.32539513033470424,-0.38484454141572,0,0,0,0,0,0,0,0,0,0,0,0,0,0,0,0,0,1,0,0,0,0,1,1,0,1,0,0,0,0,1,0,0,1,0,1,0,0,0,0,1,0,0,0,1,0,0,0,0,1,0,0,0,0,0,7775.0
1,-0.6474704531460056,-0.6083636467208029,-0.485127966120882,1.0651515036188124,-1.9353301172398962,-0.2882725271359697,-0.25043463604738525,0.2144677346441591,0.17831957962136022,-0.38484454141572,0,0,0,0,0,0,0,0,0,0,0,0,0,0,0,0,0,1,0,0,0,0,1,1,0,1,0,0,0,0,1,0,0,1,0,1,0,0,0,0,1,0,0,0,1,0,0,0,0,0,0,0,1,0,0,9960.0
1,-0.6474704531460056,-0.6083636467208029,-0.485127966120882,1.0651515036188124,-1.9353301172398962,-0.2882725271359697,-0.5673781426516171,-0.641186483160959,-0.8512092753720479,-0.13120476180706087,0,0,0,0,0,0,0,0,0,0,0,0,0,0,0,0,0,1,0,0,0,0,1,1,0,1,0,0,0,0,1,0,1,0,0,1,0,0,0,0,1,0,0,0,1,0,0,0,0,1,0,0,0,0,0,9233.0
1,-0.6474704531460056,-0.6083636467208029,-0.485127966120882,1.0651515036188124,-1.9353301172398962,-0.6159618034064247,0.19856866497527656,-0.641186483160959,-0.26290707251867185,-0.13120476180706087,0,0,0,0,0,0,0,0,0,0,0,0,0,0,0,0,0,1,0,0,0,0,1,0,1,1,0,0,0,0,1,0,1,0,0,1,0,0,0,0,1,0,0,0,1,0,0,0,0,0,0,0,1,0,0,11259.0
1,-0.6474704531460056,-0.9877382932157045,-0.485127966120882,1.0651515036188124,-1.9353301172398962,-0.2882725271359697,-0.5673781426516171,-0.641186483160959,0.17831957962136022,-0.2492586773161296,0,0,0,0,0,0,0,0,0,0,0,0,0,0,0,0,0,1,0,0,0,0,1,1,0,1,0,0,0,0,0,1,0,1,0,1,0,0,0,0,1,0,0,0,1,0,0,0,0,1,0,0,0,0,0,7463.0
1,-0.6474704531460056,-0.9877382932157045,-0.485127966120882,1.0651515036188124,-1.9353301172398962,-0.2882725271359697,-0.25043463604738525,0.2144677346441591,0.0312440289080162,-0.2492586773161296,0,0,0,0,0,0,0,0,0,0,0,0,0,0,0,0,0,1,0,0,0,0,1,1,0,1,0,0,0,0,0,1,0,1,0,1,0,0,0,0,1,0,0,0,1,0,0,0,0,0,0,0,1,0,0,10198.0
1,-0.6474704531460056,-1.1044689536756742,-0.485127966120882,1.0651515036188124,-1.9353301172398962,-0.2882725271359697,-0.5673781426516171,-0.641186483160959,-0.26290707251867185,0.025304745610373967,0,0,0,0,0,0,0,0,0,0,0,0,0,0,0,0,0,1,0,0,0,0,1,1,0,1,0,0,0,0,0,1,1,0,0,1,0,0,0,0,1,0,0,0,1,0,0,0,0,1,0,0,0,0,0,8013.0
1,-0.6474704531460056,-1.1044689536756742,-0.485127966120882,1.0651515036188124,-1.9353301172398962,-0.6159618034064247,0.19856866497527656,-0.641186483160959,-1.1453603767987361,0.025304745610373967,0,0,0,0,0,0,0,0,0,0,0,0,0,0,0,0,0,1,0,0,0,0,1,0,1,1,0,0,0,0,0,1,1,0,0,1,0,0,0,0,1,0,0,0,1,0,0,0,0,0,0,0,1,0,0,11694.0
1,0.16396979008243007,-1.0461036234456893,-0.8708321781140034,-1.0329204196238986,-0.6956713824543718,-0.2882725271359697,-1.0956173203253368,-0.641186483160959,1.2078484346147684,-0.8918783256527959,0,0,0,0,0,0,0,0,0,0,0,0,0,0,0,0,0,0,1,0,0,0,1,1,0,0,1,0,0,1,0,0,0,1,0,1,0,0,0,1,0,0,0,0,1,0,0,0,0,1,0,0,0,0,0,5348.0
1,0.16396979008243007,-1.0461036234456893,-0.8708321781140034,-1.0329204196238986,-0.6956713824543718,-0.2882725271359697,-1.0956173203253368,-0.641186483160959,1.0607728839014243,-0.8918783256527959,0,0,0,0,0,0,0,0,0,0,0,0,0,0,0,0,0,0,1,0,0,0,1,1,0,0,1,0,0,1,0,0,0,1,0,1,0,0,0,1,0,0,0,0,1,0,0,0,0,1,0,0,0,0,0,6338.0
1,0.16396979008243007,-1.4254782699405908,-0.8708321781140034,-1.0329204196238986,-0.6956713824543718,-0.2882725271359697,-1.0956173203253368,-0.641186483160959,1.0607728839014243,-0.8918783256527959,0,0,0,0,0,0,0,0,0,0,0,0,0,0,0,0,0,0,1,0,0,0,1,1,0,1,0,0,0,1,0,0,0,1,0,1,0,0,0,1,0,0,0,0,1,0,0,0,0,1,0,0,0,0,0,6488.0
1,-0.6474704531460056,-1.3379302745956136,-0.8708321781140034,-1.0329204196238986,-0.6956713824543718,-0.2882725271359697,-1.0956173203253368,-0.641186483160959,0.9136973331880803,0.2076657222797589,0,0,0,0,0,0,0,0,0,0,0,0,0,0,0,0,0,0,1,0,0,0,1,1,0,1,0,0,0,0,0,1,0,1,0,1,0,0,0,1,0,0,0,0,1,0,0,0,0,1,0,0,0,0,0,6918.0
1,-0.6474704531460056,-1.2211996141356438,-0.8708321781140034,-1.0329204196238986,-0.6956713824543718,-0.2882725271359697,-1.0956173203253368,-0.641186483160959,0.17831957962136022,0.2076657222797589,0,0,0,0,0,0,0,0,0,0,0,0,0,0,0,0,0,0,1,0,0,0,1,1,0,1,0,0,0,0,0,1,1,0,0,1,0,0,0,1,0,0,0,0,1,0,0,0,0,1,0,0,0,0,0,7898.0
1,-0.6474704531460056,-0.9293729629857196,-0.8708321781140034,-1.0329204196238986,-0.6956713824543718,-0.2882725271359697,-1.0956173203253368,-0.641186483160959,0.17831957962136022,0.2076657222797589,0,0,0,0,0,0,0,0,0,0,0,0,0,0,0,0,0,0,1,0,0,0,1,1,0,1,0,0,0,0,0,1,1,0,0,1,0,0,0,1,0,0,0,0,1,0,0,0,0,1,0,0,0,0,0,8778.0
1,-0.6474704531460056,-0.9293729629857196,-0.7261930986165829,-0.5176045086520045,-0.6956713824543718,-0.2882725271359697,-0.884321649255849,-0.641186483160959,0.9136973331880803,-0.6722940392542613,0,0,0,0,0,0,0,0,0,0,0,0,0,0,0,0,0,0,1,0,0,0,1,1,0,1,0,0,0,0,1,0,0,1,0,1,0,0,0,1,0,0,0,0,1,0,0,0,0,1,0,0,0,0,0,6938.0
1,-0.6474704531460056,-0.9293729629857196,-0.7261930986165829,-0.5176045086520045,-0.6956713824543718,-0.2882725271359697,-0.884321649255849,-0.641186483160959,0.9136973331880803,-0.6991256521124275,0,0,0,0,0,0,0,0,0,0,0,0,0,0,0,0,0,0,1,0,0,0,1,1,0,1,0,0,0,1,0,0,0,1,0,1,0,0,0,1,0,0,0,0,1,0,0,0,0,1,0,0,0,0,0,7198.0
1,-0.6474704531460056,-0.9293729629857196,-0.43691493962174177,-0.22313827381092213,0.3214845024978552,3.1146545725956782,-1.2540890736274528,-1.2829271465147978,0.7666217824747363,-0.6722940392542613,0,0,0,0,0,0,0,0,0,0,0,0,0,0,0,0,0,0,1,0,0,1,0,1,0,1,0,0,0,0,1,0,0,1,0,1,0,0,0,1,0,0,0,0,1,0,0,0,0,0,1,0,0,0,0,7898.0
1,-0.6474704531460056,-0.9293729629857196,-0.43691493962174177,-0.22313827381092213,0.3214845024978552,3.1146545725956782,-1.2540890736274528,-1.2829271465147978,2.384452840321521,-0.6991256521124275,0,0,0,0,0,0,0,0,0,0,0,0,0,0,0,0,0,0,1,0,0,1,0,1,0,1,0,0,0,1,0,0,0,1,0,1,0,0,0,1,0,0,0,0,1,0,0,0,0,0,1,0,0,0,0,7788.0
1,-0.6474704531460056,-0.9293729629857196,-0.7261930986165829,-0.5176045086520045,-0.6956713824543718,-0.2882725271359697,-0.884321649255849,-0.641186483160959,2.384452840321521,-0.6722940392542613,0,0,0,0,0,0,0,0,0,0,0,0,0,0,0,0,0,0,1,0,0,0,1,1,0,1,0,0,0,0,1,0,0,1,0,1,0,0,0,1,0,0,0,0,1,0,0,0,0,1,0,0,0,0,0,7738.0
1,-0.6474704531460056,-0.9293729629857196,-0.7261930986165829,-0.5176045086520045,-0.6956713824543718,-0.2882725271359697,-0.884321649255849,-0.641186483160959,0.4724706810480483,-0.6991256521124275,0,0,0,0,0,0,0,0,0,0,0,0,0,0,0,0,0,0,1,0,0,0,1,1,0,1,0,0,0,1,0,0,0,1,0,1,0,0,0,1,0,0,0,0,1,0,0,0,0,1,0,0,0,0,0,8358.0
1,-0.6474704531460056,-0.9293729629857196,-0.7261930986165829,-0.5176045086520045,-0.6956713824543718,-0.2882725271359697,-0.884321649255849,-0.641186483160959,0.4724706810480483,-0.6991256521124275,0,0,0,0,0,0,0,0,0,0,0,0,0,0,0,0,0,0,1,0,0,0,1,1,0,1,0,0,0,0,1,0,0,1,0,1,0,0,0,1,0,0,0,0,1,0,0,0,0,1,0,0,0,0,0,9258.0
1,0.16396979008243007,1.317692250868697,-0.7261930986165829,-0.5176045086520045,-0.6956713824543718,-0.2882725271359697,-0.884321649255849,-0.641186483160959,0.4724706810480483,-0.6685796051492143,0,0,0,0,0,0,0,0,0,0,0,0,0,0,0,0,0,0,1,0,0,0,1,1,0,0,1,0,0,0,1,0,0,0,1,1,0,0,0,1,0,0,0,0,1,0,0,0,0,1,0,0,0,0,0,8058.0
1,0.16396979008243007,1.317692250868697,-0.7261930986165829,-0.5176045086520045,-0.6956713824543718,-0.2882725271359697,-0.884321649255849,-0.641186483160959,0.4724706810480483,-0.6685796051492143,0,0,0,0,0,0,0,0,0,0,0,0,0,0,0,0,0,0,1,0,0,0,1,1,0,0,1,0,0,1,0,0,0,0,1,1,0,0,0,1,0,0,0,0,1,0,0,0,0,1,0,0,0,0,0,8238.0
1,0.16396979008243007,1.317692250868697,-0.7261930986165829,-0.3335631118763272,-0.5367407754305855,-0.18744505751429114,0.22498062385896256,3.209257496962073,-0.26290707251867185,-0.6685796051492143,0,0,0,0,0,0,0,0,0,0,0,0,0,0,0,0,0,0,1,0,0,0,1,1,0,0,1,0,0,0,1,0,0,0,1,1,0,1,0,0,0,0,0,0,1,0,0,0,0,0,0,0,1,0,0,9298.0
1,0.16396979008243007,1.317692250868697,-0.7261930986165829,-0.3335631118763272,-0.5367407754305855,-0.18744505751429114,0.22498062385896256,3.209257496962073,-0.26290707251867185,-0.6685796051492143,0,0,0,0,0,0,0,0,0,0,0,0,0,0,0,0,0,0,1,0,0,0,1,1,0,0,1,0,0,1,0,0,0,0,1,1,0,1,0,0,0,0,0,0,1,0,0,0,0,0,0,0,1,0,0,9538.0
1,0.9754100333108657,0.32548163695895466,0.4309195373627813,1.0651515036188124,0.7982763235692109,-0.21265192491971066,0.3306284593937065,-0.641186483160959,-0.11583152180532783,-0.2534208177307518,0,0,0,0,0,0,0,0,0,0,0,0,0,0,0,0,0,0,1,0,0,0,1,1,0,0,1,0,1,0,0,0,0,0,1,1,0,0,0,1,0,0,0,0,1,0,0,0,0,0,0,0,1,0,0,8449.0
1,0.9754100333108657,0.32548163695895466,0.4309195373627813,1.0651515036188124,0.7982763235692109,-0.21265192491971066,0.3306284593937065,-0.641186483160959,-0.11583152180532783,-0.2534208177307518,0,0,0,0,0,0,0,0,0,0,0,0,0,0,0,0,0,0,1,0,0,0,1,1,0,0,1,0,1,0,0,0,0,0,1,1,0,0,0,1,0,0,0,0,1,0,0,0,0,0,0,0,1,0,0,9639.0
1,0.9754100333108657,0.32548163695895466,0.4309195373627813,1.0651515036188124,0.7982763235692109,-0.21265192491971066,0.3306284593937065,-0.641186483160959,-0.11583152180532783,-0.2534208177307518,0,0,0,0,0,0,0,0,0,0,0,0,0,0,0,0,0,0,1,0,0,0,1,1,0,0,1,0,0,1,0,0,0,0,1,1,0,0,0,1,0,0,0,0,1,0,0,0,0,0,0,0,1,0,0,9989.0
1,0.9754100333108657,0.32548163695895466,0.4309195373627813,1.0651515036188124,0.7982763235692109,-0.21265192491971066,0.3306284593937065,-0.641186483160959,-0.11583152180532783,-0.2534208177307518,0,0,0,0,0,0,0,0,0,0,0,0,0,0,0,0,0,0,1,0,0,0,1,1,0,0,1,0,1,0,0,0,0,0,1,1,0,0,0,1,0,0,0,0,1,0,0,0,0,0,0,0,1,0,0,11199.0
1,0.9754100333108657,0.32548163695895466,0.4309195373627813,1.0651515036188124,0.7982763235692109,-0.21265192491971066,0.3306284593937065,-0.641186483160959,-0.11583152180532783,-0.2534208177307518,0,0,0,0,0,0,0,0,0,0,0,0,0,0,0,0,0,0,1,0,0,0,1,1,0,0,1,0,0,1,0,0,0,0,1,1,0,0,0,1,0,0,0,0,1,0,0,0,0,0,0,0,1,0,0,11549.0
1,0.9754100333108657,0.32548163695895466,0.4309195373627813,1.0651515036188124,0.7982763235692109,-0.21265192491971066,0.3306284593937065,-0.641186483160959,-0.11583152180532783,-0.10862753640503257,0,0,0,0,0,0,0,0,0,0,0,0,0,0,0,0,0,0,1,0,0,0,1,1,0,0,1,1,0,0,0,0,0,0,1,1,0,0,0,1,0,0,0,0,1,0,0,0,0,0,0,0,1,0,0,17669.0
1,-1.4589106963744414,-1.6881222559755227,-0.14763678062690075,-0.07590515639038094,0.9254208091882392,-0.36389312935222873,-0.3032585538147572,-1.9246678098686363,0.4724706810480483,0.24809818682735865,0,0,0,0,0,0,0,0,0,0,0,0,0,0,0,0,0,0,1,0,0,0,1,1,0,1,0,0,0,0,1,0,0,1,0,1,0,0,0,1,0,0,0,0,1,0,0,0,0,0,0,0,1,0,0,8948.0
1,-1.4589106963744414,-1.6881222559755227,-0.43691493962174177,-0.22313827381092213,0.3214845024978552,3.1146545725956782,-0.805085772604791,-1.2829271465147978,0.32539513033470424,0.24809818682735865,0,0,0,0,0,0,0,0,0,0,0,0,0,0,0,0,0,0,1,0,0,1,0,0,1,1,0,0,0,0,1,0,0,1,0,1,0,0,0,1,0,0,0,0,1,0,0,0,0,0,1,0,0,0,0,10698.0
1,-1.4589106963744414,-1.6881222559755227,-0.14763678062690075,-0.07590515639038094,0.9254208091882392,-0.36389312935222873,-0.3032585538147572,-1.9246678098686363,0.17831957962136022,0.10181822993308647,0,0,0,0,0,0,0,0,0,0,0,0,0,0,0,0,0,0,1,0,0,0,1,1,0,1,0,0,0,1,0,0,0,1,0,1,0,0,0,1,0,0,0,0,1,0,0,0,0,0,0,0,1,0,0,9988.0
1,-1.4589106963744414,-1.6881222559755227,-0.14763678062690075,-0.07590515639038094,0.9254208091882392,-0.36389312935222873,-0.3032585538147572,-1.9246678098686363,0.17831957962136022,0.24809818682735865,0,0,0,0,0,0,0,0,0,0,0,0,0,0,0,0,0,0,1,0,0,0,1,1,0,1,0,0,0,0,1,0,0,1,0,1,0,0,0,1,0,0,0,0,1,0,0,0,0,0,0,0,1,0,0,10898.0
1,-1.4589106963744414,-1.6881222559755227,-0.14763678062690075,-0.07590515639038094,0.9254208091882392,-0.36389312935222873,-0.3032585538147572,-1.9246678098686363,0.17831957962136022,0.10181822993308647,0,0,0,0,0,0,0,0,0,0,0,0,0,0,0,0,0,0,1,0,0,0,1,1,0,1,0,0,0,1,0,0,0,1,0,1,0,0,0,1,0,0,0,0,1,0,0,0,0,0,0,0,1,0,0,11248.0
1,1.7868502765393013,2.1639895392034774,1.0335823686020336,-0.22313827381092213,0.3214845024978552,-0.21265192491971066,1.519166609159576,0.2144677346441591,-0.998284826085392,0.3095311588762309,0,0,0,0,0,0,0,0,0,0,0,0,0,0,0,0,0,0,1,0,0,0,1,1,0,0,1,0,0,1,0,0,0,0,1,1,0,1,0,0,0,0,0,0,0,1,0,0,0,0,0,0,1,0,0,16558.0
1,1.7868502765393013,2.1639895392034774,1.0335823686020336,-0.22313827381092213,0.3214845024978552,-0.21265192491971066,1.519166609159576,0.2144677346441591,-0.998284826085392,0.3095311588762309,0,0,0,0,0,0,0,0,0,0,0,0,0,0,0,0,0,0,1,0,0,0,1,1,0,0,1,0,0,1,0,0,0,0,1,1,0,1,0,0,0,0,0,0,0,1,0,0,0,0,0,0,1,0,0,15998.0
1,-1.4589106963744414,-0.958555628100712,1.0335823686020336,-0.22313827381092213,0.3214845024978552,-0.23785879232513066,1.387106814741146,0.2144677346441591,-0.998284826085392,0.6808902643037317,0,0,0,0,0,0,0,0,0,0,0,0,0,0,0,0,0,0,1,0,0,0,1,1,0,1,0,0,0,0,1,0,0,0,1,1,0,1,0,0,0,0,0,0,0,1,0,0,0,0,0,0,1,0,0,15690.0
1,-1.4589106963744414,-1.086959354606679,0.7925172361063326,-0.22313827381092213,0.3214845024978552,-0.23785879232513066,1.387106814741146,0.2144677346441591,-0.998284826085392,0.6808902643037317,0,0,0,0,0,0,0,0,0,0,0,0,0,0,0,0,0,0,1,0,0,0,1,1,0,1,0,0,0,0,0,1,0,0,1,1,0,1,0,0,0,0,0,0,0,1,0,0,0,0,0,0,1,0,0,15750.0
1,0.9754100333108657,-0.024710344420954433,-0.7502996118661529,-1.1801535370444398,0.4804151095216399,3.2406889096227767,-1.3597369091621967,-0.641186483160959,2.2373772896081765,0.06436115838404702,0,0,0,0,0,0,0,0,0,0,0,0,0,0,0,0,0,0,0,1,0,1,0,1,0,0,1,0,0,0,1,0,0,1,0,1,0,0,0,1,0,0,0,0,1,0,0,0,0,0,1,0,0,0,0,7775.0
1,0.9754100333108657,-0.024710344420954433,-0.4610214528713119,-0.5176045086520045,0.4804151095216399,-0.2882725271359697,-0.48814226600055916,0.32142451186979887,0.4724706810480483,0.06436115838404702,0,0,0,0,0,0,0,0,0,0,0,0,0,0,0,0,0,0,0,1,0,0,1,1,0,0,1,0,0,0,1,0,0,1,0,1,0,0,0,1,0,0,0,0,1,0,0,0,0,0,0,0,1,0,0,7975.0
1,0.9754100333108657,-0.8418249676407423,-0.7502996118661529,-1.1801535370444398,0.4804151095216399,3.2406889096227767,-1.3597369091621967,-0.641186483160959,2.2373772896081765,0.06436115838404702,0,0,0,0,0,0,0,0,0,0,0,0,0,0,0,0,0,0,0,1,0,1,0,1,0,1,0,0,0,0,1,0,0,1,0,1,0,0,0,1,0,0,0,0,1,0,0,0,0,0,1,0,0,0,0,7995.0
1,0.9754100333108657,-0.8418249676407423,-0.4610214528713119,-0.5176045086520045,0.4804151095216399,-0.2882725271359697,-0.48814226600055916,0.32142451186979887,0.4724706810480483,0.06436115838404702,0,0,0,0,0,0,0,0,0,0,0,0,0,0,0,0,0,0,0,1,0,0,1,1,0,1,0,0,0,0,1,0,0,1,0,1,0,0,0,1,0,0,0,0,1,0,0,0,0,0,0,0,1,0,0,8195.0
1,0.9754100333108657,-0.8418249676407423,-0.4610214528713119,-0.5176045086520045,0.4804151095216399,-0.2882725271359697,-0.48814226600055916,0.32142451186979887,0.4724706810480483,0.06436115838404702,0,0,0,0,0,0,0,0,0,0,0,0,0,0,0,0,0,0,0,1,0,0,1,1,0,1,0,0,0,0,1,0,0,1,0,1,0,0,0,1,0,0,0,0,1,0,0,0,0,0,0,0,1,0,0,8495.0
1,0.9754100333108657,-0.8418249676407423,-0.7502996118661529,-1.1801535370444398,0.4804151095216399,3.2406889096227767,-0.9371455670232209,-1.2829271465147978,1.6490750867548005,0.06436115838404702,0,0,0,0,0,0,0,0,0,0,0,0,0,0,0,0,0,0,0,1,0,1,0,0,1,1,0,0,0,0,1,0,0,1,0,1,0,0,0,1,0,0,0,0,1,0,0,0,0,0,1,0,0,0,0,9495.0
1,0.9754100333108657,-0.8418249676407423,-0.4610214528713119,-0.5176045086520045,0.4804151095216399,-0.03620385308177354,-0.0919628827452693,0.8562083979979977,0.17831957962136022,0.06436115838404702,0,0,0,0,0,0,0,0,0,0,0,0,0,0,0,0,0,0,0,1,0,0,1,1,0,1,0,0,0,0,1,0,0,1,0,1,0,0,0,1,0,0,0,0,1,0,0,0,0,0,0,0,1,0,0,9995.0
1,1.7868502765393013,1.3365751518254572,-0.4610214528713119,-0.5176045086520045,0.4804151095216399,-0.4143068641630678,-0.3560824715821292,0.8562083979979977,-0.26290707251867185,-0.6596498309741544,0,0,0,0,0,0,0,0,0,0,0,0,0,0,0,0,0,0,0,1,0,0,1,1,0,0,1,1,0,0,0,0,0,1,0,1,0,0,0,1,0,0,0,0,1,0,0,0,0,0,0,0,1,0,0,11595.0
1,1.7868502765393013,3.8857667809880305,-0.4610214528713119,-0.5176045086520045,0.4804151095216399,-0.4143068641630678,-0.3560824715821292,0.8562083979979977,-0.26290707251867185,-0.9545023417955147,0,0,0,0,0,0,0,0,0,0,0,0,0,0,0,0,0,0,0,1,0,0,1,1,0,0,1,0,0,1,0,0,0,1,0,1,0,0,0,1,0,0,0,0,1,0,0,0,0,0,0,0,1,0,0,9980.0
1,-0.6474704531460056,-0.2824905529367203,0.18985440486708047,-0.5176045086520045,0.4804151095216399,-0.4143068641630678,0.1721567060915906,0.8562083979979977,-0.998284826085392,0.5382451715514851,0,0,0,0,0,0,0,0,0,0,0,0,0,0,0,0,0,0,0,1,0,0,1,1,0,1,0,0,0,0,1,0,0,1,0,1,0,0,0,1,0,0,0,1,0,0,0,0,0,0,0,0,1,0,0,13295.0
1,-0.6474704531460056,-0.2824905529367203,-0.7502996118661529,-1.1801535370444398,0.4804151095216399,3.2406889096227767,-0.9371455670232209,-1.2829271465147978,1.0607728839014243,0.5382451715514851,0,0,0,0,0,0,0,0,0,0,0,0,0,0,0,0,0,0,0,1,0,1,0,0,1,1,0,0,0,0,1,0,0,1,0,1,0,0,0,1,0,0,0,0,1,0,0,0,0,0,1,0,0,0,0,13845.0
1,-0.6474704531460056,-0.2824905529367203,-0.4610214528713119,-0.5176045086520045,0.4804151095216399,-0.2882725271359697,-0.4089063893495012,0.8562083979979977,0.0312440289080162,0.6721555943752211,0,0,0,0,0,0,0,0,0,0,0,0,0,0,0,0,0,0,0,1,0,0,1,1,0,1,0,0,0,0,0,1,0,1,0,1,0,0,0,1,0,0,0,0,1,0,0,0,0,0,0,0,1,0,0,12290.0
1,-2.2703509396028774,-0.5791809816058106,0.3103869711149309,1.6540839733009756,-0.31423792559728664,-0.1622381901088716,0.27780454162633456,0.6422948435467182,-0.4099826232320159,1.1492777743312568,0,0,0,0,0,0,0,0,0,0,0,0,0,0,0,0,0,0,0,0,1,0,1,1,0,1,0,0,0,0,1,0,0,0,1,1,0,0,0,1,0,0,0,0,1,0,0,0,0,0,0,0,1,0,0,12940.0
1,-1.4589106963744414,-1.4254782699405908,0.3103869711149309,1.6540839733009756,-0.31423792559728664,-0.1622381901088716,0.27780454162633456,0.6422948435467182,-0.4099826232320159,1.3558886993721717,0,0,0,0,0,0,0,0,0,0,0,0,0,0,0,0,0,0,0,0,1,0,1,1,0,1,0,0,0,0,0,1,0,0,1,1,0,0,0,1,0,0,0,0,1,0,0,0,0,0,0,0,1,0,0,13415.0
1,-2.2703509396028774,-0.5791809816058106,0.3103869711149309,1.6540839733009756,-0.31423792559728664,-0.1622381901088716,0.27780454162633456,0.6422948435467182,-0.4099826232320159,1.1492777743312568,0,0,0,0,0,0,0,0,0,0,0,0,0,0,0,0,0,0,0,0,1,0,1,1,0,1,0,0,0,0,1,0,0,0,1,1,0,0,0,1,0,0,0,0,1,0,0,0,0,0,0,0,1,0,0,15985.0
1,-1.4589106963744414,-1.4254782699405908,0.3103869711149309,1.6540839733009756,-0.31423792559728664,-0.1622381901088716,0.27780454162633456,0.6422948435467182,-0.4099826232320159,1.3558886993721717,0,0,0,0,0,0,0,0,0,0,0,0,0,0,0,0,0,0,0,0,1,0,1,1,0,1,0,0,0,0,0,1,0,0,1,1,0,0,0,1,0,0,0,0,1,0,0,0,0,0,0,0,1,0,0,16515.0
1,-2.2703509396028774,-0.5791809816058106,0.04521532536965994,1.0651515036188124,-0.31423792559728664,-0.6663755382172639,1.5455785680432619,0.0005541801928795573,-1.29243592751208,1.1492777743312568,0,0,0,0,0,0,0,0,0,0,0,0,0,0,0,0,0,0,0,0,1,0,1,0,1,1,0,0,0,0,1,0,0,0,1,1,0,0,0,1,0,0,0,0,1,0,0,0,0,0,0,0,1,0,0,18420.0
1,-1.4589106963744414,-1.4254782699405908,0.04521532536965994,1.0651515036188124,-0.31423792559728664,-0.6663755382172639,1.5455785680432619,0.0005541801928795573,-1.29243592751208,1.3558886993721717,0,0,0,0,0,0,0,0,0,0,0,0,0,0,0,0,0,0,0,0,1,0,1,0,1,1,0,0,0,0,0,1,0,0,1,1,0,0,0,1,0,0,0,0,1,0,0,0,0,0,0,0,1,0,0,18950.0
1,-1.4589106963744414,-0.8126423025257499,0.3103869711149309,1.6540839733009756,-0.31423792559728664,-0.1622381901088716,0.27780454162633456,0.6422948435467182,-0.4099826232320159,1.261168374877109,0,0,0,0,0,0,0,0,0,0,0,0,0,0,0,0,0,0,0,0,1,0,1,1,0,1,0,0,0,0,1,0,0,0,1,1,0,0,0,1,0,0,0,0,1,0,0,0,0,0,0,0,1,0,0,16845.0
1,-1.4589106963744414,-0.8126423025257499,0.3103869711149309,1.6540839733009756,-0.31423792559728664,-0.36389312935222873,1.49275465027589,0.42838128909543866,-0.8512092753720479,1.2480423374002643,0,0,0,0,0,0,0,0,0,0,0,0,0,0,0,0,0,0,0,0,1,0,1,0,1,1,0,0,0,0,1,0,0,0,1,1,0,0,0,1,0,0,0,0,1,0,0,0,0,0,0,0,1,0,0,19045.0
1,-1.4589106963744414,-0.8126423025257499,1.0817953951011736,0.9179183861982713,-1.2042493249304838,-0.33868626194680873,0.8060437193000544,0.8562083979979977,-1.1453603767987361,1.261168374877109,0,0,0,0,0,0,0,0,0,0,0,0,0,0,0,0,0,0,0,0,1,0,1,1,0,1,0,0,0,0,1,0,0,0,1,1,0,0,0,0,0,1,0,0,0,1,0,0,0,0,0,0,1,0,0,21485.0
1,-1.4589106963744414,-0.8126423025257499,0.40681302411321124,-1.1801535370444398,0.4804151095216399,3.2406889096227767,0.06650887055684664,-0.641186483160959,-0.55705817394536,1.261168374877109,0,0,0,0,0,0,0,0,0,0,0,0,0,0,0,0,0,0,0,0,1,1,0,0,1,1,0,0,0,0,1,0,0,0,1,1,0,0,0,1,0,0,0,0,0,1,0,0,0,0,1,0,0,0,0,22470.0
1,-1.4589106963744414,-0.8126423025257499,0.3103869711149309,1.6540839733009756,-0.31423792559728664,-0.1622381901088716,0.27780454162633456,0.6422948435467182,-0.8512092753720479,1.261168374877109,0,0,0,0,0,0,0,0,0,0,0,0,0,0,0,0,0,0,0,0,1,0,1,0,1,1,0,0,0,0,1,0,0,0,1,1,0,0,0,1,0,0,0,0,1,0,0,0,0,0,0,0,1,0,0,22625.0
